"Weeks","a","b","R2","RMSE","Fieldname","Approach"
1,11.133078798978,0.879569492900357,0.032949216243284,2.29367704883854,"DMD_GH1","1a"
2,11.8852633642514,0.635902309886813,0.0157801281745881,2.25447422192277,"DMD_GH1","1a"
3,16.6492956820436,-0.358700489747391,0.0108873594110365,2.1354725682793,"DMD_GH1","1a"
4,13.5269878710414,0.215931779966083,0.00962684500219191,2.13558662421944,"DMD_GH1","1a"
5,9.9298472831349,0.760846532303216,0.415658818073075,1.7161695590213,"DMD_GH1","1a"
6,7.76071507486444,0.912468572873893,0.511863976369201,1.57785111647018,"DMD_GH1","1a"
7,4.05714780293609,1.57535782189318,0.508056023753134,1.70789536910338,"DMD_GH1","1a"
8,0.751620452605204,3.39729362020329,0.324821458655549,1.71701533730795,"DMD_GH1","1a"
9,0.678669457485446,3.43159963751806,0.213012571988848,1.69954348883712,"DMD_GH1","1a"
10,0.569116343502724,3.6964651608067,0.0951155218206842,1.84991541921378,"DMD_GH1","1a"
12,8.9067282265307,0.56656309250193,0.0239705378397941,2.13339807151922,"DMD_GH1","1a"
13,0.422893888784552,4.00446302660879,0.198308846758944,1.71787953413342,"DMD_GH1","1a"
14,0.512761212669638,3.9272057643178,0.224450695406527,1.87389767523121,"DMD_GH1","1a"
1,64.0422232517459,0.2751227750811,0.00204842485933173,9.61953983645965,"PSF_111","1a"
2,56.5389991653429,0.639850314335837,0.0112567289418396,10.043111575996,"PSF_111","1a"
3,67.7146770218531,0.0725890257856826,0.000184084495448424,9.43155328278715,"PSF_111","1a"
4,61.267560281359,0.332418501349774,0.00808007461601714,9.6063221064502,"PSF_111","1a"
5,54.8396784839119,0.47462716557129,0.0621667377458011,8.96092169211509,"PSF_111","1a"
6,48.8995785464096,0.475703312502436,0.0541338937472532,8.65926252809812,"PSF_111","1a"
7,50.6026067017006,0.390761119284221,0.0860024791337462,8.60394960677407,"PSF_111","1a"
8,32.38321039182,0.871635857586195,0.0404095601675818,8.88559031727305,"PSF_111","1a"
9,12.4473044479872,1.92394109624216,0.0434345217851532,8.69799052022615,"PSF_111","1a"
10,15.6035877460835,1.69553730989016,0.0199336796912761,9.03484163524902,"PSF_111","1a"
11,2.83628812288215,3.6174593424978,0.0238599395908732,8.61829565217999,"PSF_111","1a"
12,10.7019527470996,2.12666035364281,0.0435212406630151,8.96080527749818,"PSF_111","1a"
13,4.20986843147103,3.20243050642407,0.042359727539048,8.66174344577143,"PSF_111","1a"
14,7.61249536118609,2.55476538600974,0.0596058951940123,8.90217735903659,"PSF_111","1a"
1,72.1976609181276,-0.430892725458766,0.00296791398995489,12.8524649120387,"PSF_12","1a"
2,77.3711195943595,-0.622871333486141,0.00529570000535295,12.8258455537445,"PSF_12","1a"
3,142.144613634439,-2.3294664861448,0.149250964350532,11.7715491910085,"PSF_12","1a"
4,114.75113693545,-1.72526043307455,0.0585131493931524,12.5946789350272,"PSF_12","1a"
5,24.7070212494484,2.32748812682968,0.184272015700195,12.2045052577983,"PSF_12","1a"
6,21.1908949373077,1.73556081936744,0.308264911161409,10.8193469999119,"PSF_12","1a"
7,20.6755630942115,1.53947115224895,0.415926461434042,9.49742856100357,"PSF_12","1a"
8,2.21982116939452,3.94299476544518,0.442468481295088,9.64292155671419,"PSF_12","1a"
9,0.602880681801703,5.32618902118701,0.417600638274023,9.81581859610501,"PSF_12","1a"
10,0.16689906882498,6.73588983333241,0.344489260364959,10.1063350608919,"PSF_12","1a"
11,0.125157832279138,7.09253461902958,0.367538353675676,9.8966492094022,"PSF_12","1a"
12,0.102794626892794,7.33462846535942,0.358022875356955,10.0665373731817,"PSF_12","1a"
13,0.251036335043737,6.36101743226299,0.315680743605699,10.3623776991514,"PSF_12","1a"
14,0.224498873749349,6.54392869350041,0.394885526223484,10.629554319551,"PSF_12","1a"
1,11.5713122578867,0.120263293694828,0.000579562333788096,1.41998875834223,"SLS_ABH","1a"
2,11.8983697268449,0.0152849944070284,9.76762479721416e-06,1.42150529666355,"SLS_ABH","1a"
3,15.775116279004,-0.751225802602875,0.0827599588056061,1.34557278213502,"SLS_ABH","1a"
4,11.0548635376253,0.212309832249085,0.00490556119601525,1.4192915206814,"SLS_ABH","1a"
5,9.61739317174709,0.451282070207639,0.0796857580924754,1.27568567521523,"SLS_ABH","1a"
6,8.93054714137116,0.460056672951462,0.170584586581547,1.21834708782301,"SLS_ABH","1a"
7,6.02574658573264,0.872311316433579,0.246514916338088,1.08473918743196,"SLS_ABH","1a"
8,2.54993459490619,1.79677798835861,0.103801530899806,1.16810759319869,"SLS_ABH","1a"
9,6.56835769500563,0.683761798669593,0.00572626135693993,1.34417155846902,"SLS_ABH","1a"
10,1.31189920498159,2.52554124086925,0.0750999175091599,1.27657969791059,"SLS_ABH","1a"
11,7.61119656261153,0.522742678076381,0.00193901774931301,1.39093419306926,"SLS_ABH","1a"
12,1.81269889988624,2.17777784693421,0.0490688829720943,1.28783070056294,"SLS_ABH","1a"
13,1.93974226406155,2.11645625092693,0.058434966532086,1.3359560203575,"SLS_ABH","1a"
14,4.58882512468416,1.15601728423364,0.0255606990411828,1.38907987653241,"SLS_ABH","1a"
1,6.49472045409616,2.32611476600607,0.194759779217031,1.15876622523474,"SLS_NS","1a"
2,11.2374380295949,0.337740160904376,0.0145836099378785,1.12957178731496,"SLS_NS","1a"
3,13.1839271403871,-0.182610466968673,0.0156751786655269,1.10570753924318,"SLS_NS","1a"
4,10.8286789281863,0.324822498648277,0.029862620417684,1.11708259843817,"SLS_NS","1a"
5,8.59846317618348,0.661332021494976,0.137844630546449,1.05427687737304,"SLS_NS","1a"
6,7.15344124669508,0.811484019630987,0.372447450581509,1.01423661005158,"SLS_NS","1a"
7,4.56101249982464,1.25483731648258,0.383018105702332,0.992076139997024,"SLS_NS","1a"
8,1.4927861693673,2.46318731954724,0.263409035098544,1.00280113620022,"SLS_NS","1a"
9,1.46851355236869,2.43116773411329,0.111731537116229,1.09896163807724,"SLS_NS","1a"
10,0.999597749109424,2.85654879573766,0.0887097187331832,1.13542075371935,"SLS_NS","1a"
11,0.395850241316713,3.9722231224643,0.121835730541185,1.1062260751354,"SLS_NS","1a"
12,0.103763830125683,5.49680805634917,0.324346555722175,1.01097032536137,"SLS_NS","1a"
13,0.374578210846314,4.04038736218771,0.199461104230873,1.06659647328126,"SLS_NS","1a"
14,2.81790573540101,1.8123447593412,0.149290916850816,1.05317160619939,"SLS_NS","1a"
1,97.2594047422231,-1.20989499960682,0.0767998322094945,8.76302323863618,"SSF_121","1a"
2,92.9504165288485,-0.988131968701794,0.0508223047973831,8.83474374148856,"SSF_121","1a"
3,109.779506637533,-1.28092032777215,0.171275343009064,8.53119286143427,"SSF_121","1a"
4,96.7621932287401,-0.925121939700169,0.0603682212724079,8.830894742632,"SSF_121","1a"
5,29.1024644128216,1.52206023696246,0.382482911363353,9.17801196984324,"SSF_121","1a"
6,18.7134879664032,1.69891577788893,0.555293253914167,7.37319098895628,"SSF_121","1a"
7,8.56909677832053,2.49216856773254,0.511718127916364,7.40776596677113,"SSF_121","1a"
8,0.926277410220624,4.91698452473294,0.411693254498015,7.69698669758583,"SSF_121","1a"
9,0.252058554925781,6.31600854961051,0.444522488983435,7.64722656093071,"SSF_121","1a"
10,0.87631203249514,4.91128194512192,0.2431515772775,8.2518442777235,"SSF_121","1a"
11,0.227420272539591,6.44015731146453,0.343204454667221,8.48947270548262,"SSF_121","1a"
12,0.204211137986529,6.55993326692351,0.361271467501289,8.04553894725942,"SSF_121","1a"
13,0.0696200595618722,7.79834636383573,0.377556464169558,8.02889145895389,"SSF_121","1a"
14,0.532121466596628,5.58108035926012,0.175709737431434,9.56961594872952,"SSF_121","1a"
1,70.1232851060091,-0.377805195333012,0.0519716513604679,7.73519231591661,"SSF_202","1a"
2,68.7027172476475,-0.321151861458795,0.0458191360844099,7.72927051559472,"SSF_202","1a"
4,68.1146943152581,-0.217124570655832,0.011698545630078,7.83311862885168,"SSF_202","1a"
5,58.3246996215059,0.11031877693093,0.00248913515169137,7.90847657854549,"SSF_202","1a"
6,43.0214730872114,0.511784215497055,0.056175537642986,7.86602895658276,"SSF_202","1a"
7,24.0594225765577,1.14991974909766,0.0998836184025552,7.61560081888577,"SSF_202","1a"
8,24.2167099889751,1.08019071356225,0.0479579880903017,7.81721097621667,"SSF_202","1a"
9,17.1568824030113,1.45556893119849,0.0792823901773172,7.60476632520663,"SSF_202","1a"
10,10.2404877677074,2.11044646102385,0.0572263961571645,7.91405072119253,"SSF_202","1a"
11,23.5619396971725,1.14182494455302,0.0294900413859968,7.93631584102602,"SSF_202","1a"
12,3.17608328693959,3.45842442662712,0.117919422658859,7.65849522223302,"SSF_202","1a"
13,3.32081315235312,3.43866174642568,0.123931235693482,8.0414782834612,"SSF_202","1a"
14,17.5755033636183,1.52917887224119,0.071824572537539,7.89563490990322,"SSF_202","1a"
1,72.000814887859,-0.120527845961461,0.00060901605364599,8.92973324158007,"SSF_66","1a"
2,67.6785880407142,0.0592205461311273,0.00084220188141135,8.98525889846038,"SSF_66","1a"
3,77.995869596665,-0.311290024827758,0.00624367700276388,8.88073672983944,"SSF_66","1a"
4,64.4901978907486,0.117227837418449,0.00232635118128597,8.9506143407171,"SSF_66","1a"
5,46.6222197105638,0.471899170817099,0.0145273959175861,8.77268109218262,"SSF_66","1a"
6,32.3661314031789,0.90337185849441,0.0244742702685021,8.74116287906271,"SSF_66","1a"
7,32.3638363630345,0.850716583451899,0.0116972171568376,8.81722815631989,"SSF_66","1a"
8,10.4566877948414,2.08439934770705,0.032438008366998,8.71069077163399,"SSF_66","1a"
9,12.7804366944889,1.8600103927291,0.0233424113908609,8.72411298420188,"SSF_66","1a"
10,17.757671688182,1.53000333191099,0.0169824753056235,8.78599928094211,"SSF_66","1a"
11,11.2726230123747,2.03669942092122,0.0403613869864599,8.73307082698996,"SSF_66","1a"
12,18.1380798993797,1.49413927424925,0.0264244823135211,8.77872275167707,"SSF_66","1a"
13,19.2320805138466,1.44499784466815,0.0327590041681483,8.76980721512144,"SSF_66","1a"
1,3.39361507980355,4.32787947610544,0.199893247651363,5.42526011028627,"DMD_GH1","1b"
2,5.94540632220739,2.47197088103134,0.0695505834314245,2.53679467190837,"DMD_GH1","1b"
3,15.3718134630754,-0.233384156781726,0.00198484204307652,2.03626491878114,"DMD_GH1","1b"
4,10.3329021363873,0.770005305938846,0.0677356700129741,1.96757666682802,"DMD_GH1","1b"
5,7.41417644131576,1.28935536037147,0.706190151382054,1.86417621109354,"DMD_GH1","1b"
6,5.58864053907844,1.39027892647582,0.828298912846247,1.82423518489867,"DMD_GH1","1b"
7,2.03833836969773,2.41896070204849,0.75534402994629,2.20017474019096,"DMD_GH1","1b"
8,0.0631718390054701,6.25371671118808,0.718882354303776,2.26787981943724,"DMD_GH1","1b"
9,0.0215627026944488,7.28171847936615,0.433746040936549,1.97192528196147,"DMD_GH1","1b"
10,0.000238668743341143,12.5072921226424,0.360193937306482,1.92898859870906,"DMD_GH1","1b"
12,3.4313003855266,1.60011596528424,0.0544076240973215,2.03614658280711,"DMD_GH1","1b"
13,0.00364487105084269,9.35952945370708,0.427080599737287,1.75286709999664,"DMD_GH1","1b"
14,0.101492339235518,5.80066552826308,0.302038162828163,1.80801189898027,"DMD_GH1","1b"
1,54.3242934466312,0.763746119552717,0.00649471230037002,10.1641932413214,"PSF_111","1b"
2,28.5028728274046,2.72994684813046,0.0496924126250034,14.8305765897284,"PSF_111","1b"
3,82.4979995877034,-0.635577335077624,0.0053920265727392,8.8856733276669,"PSF_111","1b"
4,44.306726707742,1.13463662142451,0.0280353655558069,10.3504598619965,"PSF_111","1b"
5,38.2397918290477,1.16171675397982,0.14633403893002,9.0237766648369,"PSF_111","1b"
6,32.3202983562545,1.0051536334314,0.1053341064278,8.46637053623746,"PSF_111","1b"
7,40.5854657500418,0.648533918695554,0.146017287278658,8.28611136485935,"PSF_111","1b"
8,24.5190964096846,1.16656460465481,0.0536577618733796,8.74320523115846,"PSF_111","1b"
9,0.732114673526167,5.07612221024614,0.119640829302232,8.4230817242345,"PSF_111","1b"
10,1.14821268574538,4.63893119678867,0.0462939401846523,8.88992578395425,"PSF_111","1b"
11,0.0822455269193333,7.59991937393103,0.0447177649737917,8.52924207798022,"PSF_111","1b"
12,0.45977711770009,5.69577805993598,0.0933650666233463,8.93843865484635,"PSF_111","1b"
13,0.196245060239862,6.68102390217461,0.0869493760438723,8.58434127824129,"PSF_111","1b"
14,1.19486723253677,4.6731565042137,0.0958866692603665,9.58126960930415,"PSF_111","1b"
1,99.6274710025097,-1.82414648630736,0.0169473663364911,13.6483531118181,"PSF_12","1b"
2,100.549645633203,-1.78894286536475,0.0155270281310726,13.727316053325,"PSF_12","1b"
3,346.233771606387,-5.1403277845497,0.287844451748491,12.7010986949451,"PSF_12","1b"
4,269.202297663851,-4.51170608313125,0.14061058871682,14.0418732453076,"PSF_12","1b"
5,8.77292375030523,4.78571471156423,0.351416370241818,15.0569116777645,"PSF_12","1b"
6,10.2858687200882,2.85216608948011,0.457163247392356,12.4367736363378,"PSF_12","1b"
7,12.8770822713795,2.18844917610324,0.518090838368138,10.1515422616922,"PSF_12","1b"
8,1.19181668473208,4.67063593307454,0.48989818091809,9.86701402240192,"PSF_12","1b"
9,0.206467506869491,6.55098266646148,0.46854263261665,10.1734970657893,"PSF_12","1b"
10,0.0355821478514113,8.46160351682694,0.406536862562739,10.5998905811212,"PSF_12","1b"
11,0.025594908568673,8.88335916590744,0.424864450694591,10.215899330737,"PSF_12","1b"
12,0.0102788668616906,9.945590788117,0.423138303460973,10.5412821993463,"PSF_12","1b"
13,0.0324179240034236,8.69932777957807,0.37750135358436,10.8453004134161,"PSF_12","1b"
14,0.0460370857553403,8.37753709925288,0.440716275370753,10.9788676065853,"PSF_12","1b"
1,10.3115343552857,0.379653767605247,0.00229636589947667,1.3756082922363,"SLS_ABH","1b"
2,10.9809561300422,0.138600178819641,0.000289239534326016,1.37553276778333,"SLS_ABH","1b"
3,20.2739202067417,-1.5084256074744,0.175614261235089,1.29533310092361,"SLS_ABH","1b"
4,9.70002036485627,0.448342662872561,0.00664756319617663,1.37205727820579,"SLS_ABH","1b"
5,5.38507598715782,1.61429707896041,0.282948650458973,1.29667255257022,"SLS_ABH","1b"
6,5.50572637134893,1.20765110209672,0.436049055652237,1.24572070827569,"SLS_ABH","1b"
7,3.18576577965091,1.67170078487345,0.469497992699417,1.13154608543714,"SLS_ABH","1b"
8,0.480065223358658,3.70835324336615,0.223694551572139,1.13034753641476,"SLS_ABH","1b"
9,1.99474133219972,1.99728010971522,0.0137293999711164,1.25036482548968,"SLS_ABH","1b"
10,0.0113045968975432,7.91461364006623,0.224162817016705,1.32067986411458,"SLS_ABH","1b"
11,1.00851651932227,2.81140185841774,0.0169331651002049,1.30782985438772,"SLS_ABH","1b"
12,0.146598028276969,5.0361894293248,0.117784932173441,1.25578550599398,"SLS_ABH","1b"
13,0.0907083770193359,5.64281713551794,0.154167309752807,1.29189087182901,"SLS_ABH","1b"
14,2.32532267580399,1.92354306214046,0.0358268831677818,1.33902566633099,"SLS_ABH","1b"
1,2.61746447769353,5.5744481040587,0.301976276850209,1.60043186788979,"SLS_NS","1b"
2,10.6407944905833,0.368791763468305,0.00742850849501366,1.32875750767477,"SLS_NS","1b"
3,13.9197199996912,-0.468372771362433,0.049660471724185,1.30702087721214,"SLS_NS","1b"
4,10.0970715978744,0.388422547592157,0.0205938239445807,1.31090626201946,"SLS_NS","1b"
5,6.49292358849613,1.13643706636388,0.151449409162127,1.19361767024335,"SLS_NS","1b"
6,4.28135932454873,1.60502363192637,0.580667747245724,1.29697459497868,"SLS_NS","1b"
7,2.60551574692497,1.96759809083014,0.50954661493898,1.08218568698785,"SLS_NS","1b"
8,0.375338823441455,4.06055142798418,0.321489857179565,1.07352814039427,"SLS_NS","1b"
9,0.243140944481619,4.44786945673371,0.152404583077004,1.34117327205198,"SLS_NS","1b"
10,0.0417589500280748,6.42964520174551,0.111921139705602,1.47299124322605,"SLS_NS","1b"
11,0.0207466938560837,7.35267973057485,0.1852013023261,1.25418186185543,"SLS_NS","1b"
12,0.00735039278331196,8.53056920659776,0.376062298707064,1.11435828823395,"SLS_NS","1b"
13,0.00910571926120627,8.31422838959693,0.313616468738149,1.33349449988651,"SLS_NS","1b"
14,1.39596366674498,2.6405464964774,0.129639036101043,1.17403357710065,"SLS_NS","1b"
1,149.857919031489,-2.90105678631042,0.158431973095183,10.9424162618964,"SSF_121","1b"
2,158.397121655724,-2.87513494415045,0.114725569639157,10.9016283590597,"SSF_121","1b"
3,136.945187887792,-2.01080829596002,0.25265296232282,10.6467037634847,"SSF_121","1b"
4,116.433719262742,-1.59341570703309,0.0879654695386893,10.741335051479,"SSF_121","1b"
5,17.6160553188609,2.42933400295207,0.553443309401786,11.6935926967852,"SSF_121","1b"
6,12.5197175882013,2.2503353215541,0.709113172161813,7.79636809572155,"SSF_121","1b"
7,5.4210544507881,3.06155095902213,0.636606373708541,7.57111042740527,"SSF_121","1b"
8,0.585603695668462,5.42513310327566,0.466754476569856,7.88198642155764,"SSF_121","1b"
9,0.0611164149309374,7.89840937685593,0.565227410355734,8.02371549173437,"SSF_121","1b"
10,0.323616340736986,5.99396586332391,0.316193333855338,8.71616167898443,"SSF_121","1b"
11,0.0245811357545405,8.92213459534753,0.483622924421591,9.35509346628991,"SSF_121","1b"
12,0.018005327134578,9.28446979482134,0.513752438149353,8.67317997945362,"SSF_121","1b"
13,0.00351422155085414,11.1924652790656,0.548198215344927,8.7632729536989,"SSF_121","1b"
14,0.00744494475928216,10.4730277907365,0.330319362560491,12.1011850693305,"SSF_121","1b"
1,69.6680822248785,-0.462436463909042,0.0573150241549597,7.76777242091889,"SSF_202","1b"
2,68.0380721615849,-0.402215120524809,0.051498338318218,7.77846001251387,"SSF_202","1b"
4,71.3314419013032,-0.413974726003156,0.0242524078101299,7.90634827177484,"SSF_202","1b"
5,56.1296314358145,0.0982788411452567,0.00117774381247678,8.02740556159144,"SSF_202","1b"
6,33.1906306642157,0.819930162819523,0.0786723352750904,7.95707934629345,"SSF_202","1b"
7,13.7525761500497,1.79291580126316,0.144092311290869,7.75156179463736,"SSF_202","1b"
8,12.0572237251021,1.8387609047524,0.0749194670161164,7.96976334200611,"SSF_202","1b"
9,8.33157421716728,2.23555703151391,0.114410146449831,7.63920635708387,"SSF_202","1b"
10,1.57034333604671,4.26289625345834,0.101790878391266,8.31862192245954,"SSF_202","1b"
11,13.13982785176,1.77946086503629,0.0445055677694286,8.09012968867694,"SSF_202","1b"
12,0.621413211811247,5.31759970174317,0.185856012213273,7.89618108712469,"SSF_202","1b"
13,0.316622964271132,6.15516713003445,0.214290710689663,8.80268436208216,"SSF_202","1b"
14,6.10884258419886,2.76381229653809,0.12501004625702,8.27867412245988,"SSF_202","1b"
1,82.5552255477044,-0.646583598922713,0.0105955188124933,8.9735339352402,"SSF_66","1b"
2,71.9883634397128,-0.134594465130726,0.00205993130310273,9.04040905389789,"SSF_66","1b"
3,90.3331661408386,-0.757762365477508,0.0224918025549964,8.97619115641176,"SSF_66","1b"
4,55.5103970812483,0.319455725085595,0.00792808232478268,9.071662018822,"SSF_66","1b"
5,36.1744692912755,0.74817467108493,0.0244991183041387,8.8704331144594,"SSF_66","1b"
6,14.8099570614022,1.80946118054588,0.0562022403092833,8.89042366102975,"SSF_66","1b"
7,7.20582279423445,2.50746830804173,0.049988128991105,9.02585444411156,"SSF_66","1b"
8,2.37727491595005,3.70044128127112,0.0779146975822281,8.86567947530165,"SSF_66","1b"
9,2.13715299679854,3.80742484726161,0.0581612013058536,8.94393901046675,"SSF_66","1b"
10,3.21338556689246,3.42896047950848,0.0495575079294493,9.0197477319787,"SSF_66","1b"
11,1.95737287753621,3.98227403335403,0.0901794720761498,8.93814707505115,"SSF_66","1b"
12,3.0588585063124,3.45951026674103,0.0749421768131451,9.0155397212369,"SSF_66","1b"
13,5.62545229621014,2.8120669134981,0.079131579885521,9.08060043641648,"SSF_66","1b"
1,15.1507436976213,-0.322720145335894,0.00406277691077373,2.06406379559507,"DMD_GH1","2a"
2,17.4865499987108,-0.717295650690094,0.0165187365776685,2.05270270225236,"DMD_GH1","2a"
3,15.4287791382361,-0.342784175602426,0.0068963013701475,2.05453147446172,"DMD_GH1","2a"
4,9.39690926483683,0.955891600161292,0.0744317202656564,1.99960471733017,"DMD_GH1","2a"
5,9.20483008743363,0.850544504537731,0.279838797971038,1.70715454688692,"DMD_GH1","2a"
6,8.0928267823613,0.829595381307797,0.388989916803744,1.5701879511662,"DMD_GH1","2a"
7,6.56450505313763,0.965269329099719,0.39243498991211,1.5683452045825,"DMD_GH1","2a"
8,2.96340863997775,1.78866664381548,0.338939600463336,1.65085989196275,"DMD_GH1","2a"
9,1.66474341191927,2.38829052540133,0.262141518790861,1.72680628402455,"DMD_GH1","2a"
10,0.216897265949545,4.73928211267771,0.23248913579579,1.77787405594295,"DMD_GH1","2a"
12,6.27073585855979,0.882554922312985,0.0214750344867816,2.03839827621931,"DMD_GH1","2a"
13,0.0320831981993664,6.88828945566742,0.386529870296038,1.64599688071391,"DMD_GH1","2a"
14,0.180660278446555,5.0715377710852,0.283792256261977,1.76880946519531,"DMD_GH1","2a"
1,91.9295753556002,-1.08654638471256,0.0705560135588357,8.98063825372598,"PSF_111","2a"
2,106.135101125947,-1.39136126937616,0.0824088720297523,8.90876380062312,"PSF_111","2a"
3,99.4161117421391,-1.25582103090202,0.104447986544116,8.80279679734784,"PSF_111","2a"
4,95.1764105655677,-0.925304369203663,0.0413055910776224,9.17229750787138,"PSF_111","2a"
5,42.4771965576677,0.921220039712015,0.0968539037106547,8.94826114462708,"PSF_111","2a"
6,26.6455203757394,1.27887530880791,0.205923046962069,8.48165179956744,"PSF_111","2a"
7,25.6337396770062,1.21370551408918,0.243091228274533,8.18526997860985,"PSF_111","2a"
8,2.31758349892106,3.87306811100071,0.229556132240074,8.4424023820992,"PSF_111","2a"
9,0.183133755873901,6.64549209865008,0.23715982318245,8.44038422404352,"PSF_111","2a"
10,0.689352357900133,5.21491907556946,0.104042062763314,8.95370127272954,"PSF_111","2a"
11,0.0575241787412417,8.01628234415931,0.183379625294794,8.45569487685577,"PSF_111","2a"
12,0.510935394069324,5.57848891125305,0.0988622674719262,8.9113506502952,"PSF_111","2a"
13,0.26067293197539,6.35835402522499,0.158074412296552,8.55523987333191,"PSF_111","2a"
14,17.9319897955049,1.53791774095864,0.0787957896899297,8.90916897645026,"PSF_111","2a"
1,131.079535432507,-2.57364554727042,0.0871504797562311,13.0332476298129,"PSF_12","2a"
2,120.432944966679,-2.22295676294014,0.0589678233790687,13.058202380682,"PSF_12","2a"
3,185.973300415357,-3.37288867219447,0.189326963702268,12.0063007212738,"PSF_12","2a"
4,120.184920910214,-2.12205223441973,0.0741833462919733,12.8662390502395,"PSF_12","2a"
5,20.7706582416181,2.60013186166501,0.156879214375848,12.4977175526284,"PSF_12","2a"
6,14.9152081685664,2.19956167048668,0.388269505578542,11.2653881732376,"PSF_12","2a"
7,13.3540320488268,2.07449026113635,0.552767386420113,9.87544193572127,"PSF_12","2a"
8,4.76694666586708,2.98864582163855,0.582823726468895,9.62103708278921,"PSF_12","2a"
9,2.72036069632143,3.54611406991645,0.59054750122,9.77967881459642,"PSF_12","2a"
10,1.25066175305839,4.41762069405718,0.572773704985596,10.0483987064849,"PSF_12","2a"
11,1.05810158340457,4.61255362557197,0.584948308182473,9.95506998686997,"PSF_12","2a"
12,0.109244742168997,7.20629236980071,0.548008662989727,10.1199019284334,"PSF_12","2a"
13,0.0876937696330141,7.50809812074604,0.53162993931738,10.5745741200706,"PSF_12","2a"
14,0.036387571272908,8.58641430839747,0.432394664072573,11.0136051613296,"PSF_12","2a"
1,12.0988873709567,-0.26236845659871,0.000927320999954783,1.39287291576913,"SLS_ABH","2a"
2,14.3665857215128,-0.871030336829126,0.0136885785251008,1.39214371512098,"SLS_ABH","2a"
3,18.9986688250926,-1.39435034255527,0.136890125735434,1.30996967332827,"SLS_ABH","2a"
4,10.7986937245902,0.122353188735259,0.000692763143352163,1.38910058016181,"SLS_ABH","2a"
5,6.41652067110634,1.24524305834901,0.274354392849427,1.22273260070649,"SLS_ABH","2a"
6,6.45088633998813,0.933256529394945,0.314635970014763,1.18229405100113,"SLS_ABH","2a"
7,4.36365387873121,1.26308058114481,0.445059549967349,1.0669981460942,"SLS_ABH","2a"
8,0.754049135858465,3.18447763909521,0.41260461209961,1.11271041695616,"SLS_ABH","2a"
9,0.676253985469901,3.24833982893112,0.269943081018131,1.22341378017723,"SLS_ABH","2a"
10,0.191306996612897,4.67798636781222,0.265864396510253,1.22895718667641,"SLS_ABH","2a"
11,0.475967513675903,3.68767610656516,0.155930819667879,1.30265269141824,"SLS_ABH","2a"
12,0.147739528786946,5.03771147449211,0.257514691577657,1.23879274569261,"SLS_ABH","2a"
13,0.14927709121412,5.04801634488343,0.185839102678756,1.29557680039911,"SLS_ABH","2a"
14,1.73161586755162,2.26805295463248,0.0640405255403091,1.35711774689377,"SLS_ABH","2a"
1,9.02362272184591,1.22849792111164,0.0430428949613649,1.07393807832999,"SLS_NS","2a"
2,12.725117733748,-0.0694676111535174,0.000670494255221218,1.11000948109947,"SLS_NS","2a"
3,13.7617096390622,-0.276743938164148,0.0300613222860468,1.09733706225484,"SLS_NS","2a"
4,11.5690211334598,0.191073039645599,0.0130570600965972,1.10065976682723,"SLS_NS","2a"
5,9.01168776157391,0.603620793514822,0.138308894557745,1.03650707745149,"SLS_NS","2a"
6,8.45825706166674,0.586011294237831,0.183011840085659,0.981961305907549,"SLS_NS","2a"
7,5.60944710182949,1.01747784193181,0.218056089135333,0.963306360880239,"SLS_NS","2a"
8,1.64274020109681,2.36173813799386,0.183276624619522,0.995594219424405,"SLS_NS","2a"
9,2.22255496855305,1.98332410076278,0.0895934690644452,1.06415832828221,"SLS_NS","2a"
10,3.25894456706171,1.53497470297878,0.0371728657539377,1.08786433090879,"SLS_NS","2a"
11,2.39949787183723,1.90428583678749,0.0312482417448285,1.08340032587466,"SLS_NS","2a"
12,0.383593331832326,4.00756049443984,0.168210216362409,0.99184686360561,"SLS_NS","2a"
13,1.52137346644822,2.43686422424105,0.115604647825086,1.03561056203937,"SLS_NS","2a"
14,4.08311275671124,1.37084531298798,0.112883979181729,1.03935006449424,"SLS_NS","2a"
1,104.04148273277,-1.36288366659563,0.144445652288433,8.61296358741559,"SSF_121","2a"
2,102.839427752777,-1.24577554891844,0.135002336454732,8.69596225463608,"SSF_121","2a"
3,99.8338275300034,-0.939650781482318,0.26188526207313,8.19071847508789,"SSF_121","2a"
4,104.773474027093,-1.08597968701443,0.136399100969644,8.73008215507664,"SSF_121","2a"
5,46.479384119704,0.703485920206543,0.110381753441146,8.42084178034115,"SSF_121","2a"
6,25.0764924781132,1.35046228057284,0.368283735978347,7.10539802276979,"SSF_121","2a"
7,14.4600976947685,1.89375798383927,0.383111656867098,7.18233546794649,"SSF_121","2a"
8,3.86905960745616,3.28955834221475,0.254408566694261,7.72618707454059,"SSF_121","2a"
9,0.888443744450582,4.89645072408037,0.295990744400313,7.58017246708613,"SSF_121","2a"
10,2.04288665009745,3.95113085767064,0.204126411156828,8.24535930276152,"SSF_121","2a"
11,1.63654308397523,4.21196688939147,0.160567584386837,8.28321266642955,"SSF_121","2a"
12,0.663920694936669,5.23734713042911,0.230620262750307,7.95316251242431,"SSF_121","2a"
13,0.49914808934688,5.57311040465912,0.254741266462749,7.90911742416232,"SSF_121","2a"
14,14.4126052209935,1.79260249723511,0.0757270858048262,8.86376096524168,"SSF_121","2a"
1,66.395846079357,-0.326734061469466,0.0424427975348309,7.79111692422879,"SSF_202","2a"
2,65.9370395885836,-0.309604837598366,0.0433879652328146,7.78754905725004,"SSF_202","2a"
4,68.6272050712311,-0.325447117679525,0.028252966745882,7.89414446372646,"SSF_202","2a"
5,57.5784757669746,0.0623001116119969,0.000873381408349001,7.96430545320182,"SSF_202","2a"
6,44.8064697432776,0.393721605506381,0.0245970846078757,7.88657652827369,"SSF_202","2a"
7,30.8656044718675,0.80232872717036,0.065232903119537,7.66960169007956,"SSF_202","2a"
8,34.1971706425252,0.639261237445839,0.0195417519804043,7.86524570482589,"SSF_202","2a"
9,16.8118858492289,1.43575357964722,0.0710104247223144,7.6611068433513,"SSF_202","2a"
10,23.659664179763,1.08017851289915,0.0171793931470224,7.89392581333606,"SSF_202","2a"
11,43.2726402963291,0.377294320072682,0.00362121152017166,7.94343756018971,"SSF_202","2a"
12,7.34578117459932,2.43675628931633,0.07635417200284,7.66082452823956,"SSF_202","2a"
13,16.8195183439655,1.48136816766397,0.0350317925115175,7.82251124595273,"SSF_202","2a"
14,35.4060846647401,0.631514892687925,0.0137626608148153,7.8780387071449,"SSF_202","2a"
1,94.1801727175211,-1.06597455915855,0.0535092326347777,8.96398754865871,"SSF_66","2a"
2,78.1603318570741,-0.314763590993262,0.0229751094517504,9.05149291745475,"SSF_66","2a"
3,93.6779827974182,-0.838221156519613,0.0394186172106865,8.93184222922021,"SSF_66","2a"
4,60.1417495876078,0.19193975228183,0.0069789698558991,9.04565259854779,"SSF_66","2a"
5,32.8706711008524,0.870652550364651,0.0832083247321627,8.81415249787627,"SSF_66","2a"
6,25.9565948209403,1.13967465022908,0.0859844301599707,8.82380761456398,"SSF_66","2a"
7,19.3784036784864,1.39947947391292,0.0695426776490093,8.89792434231471,"SSF_66","2a"
8,10.4820761633164,2.06214480297939,0.0914589782051087,8.78044418162849,"SSF_66","2a"
9,11.7693363341239,1.9323479135455,0.0853657700854042,8.79035308806037,"SSF_66","2a"
10,15.2324007336145,1.67861164540102,0.0726703617518537,8.86871796221638,"SSF_66","2a"
11,8.77400673743999,2.29243381525427,0.0786397828154123,8.82143072144181,"SSF_66","2a"
12,9.9195612639314,2.14554168195963,0.0717088796669355,8.86410326387111,"SSF_66","2a"
13,23.6167474007679,1.19538457618782,0.0603933180400222,8.82975413486425,"SSF_66","2a"
1,15.2256174088183,-0.626864123894325,0.00450656137386482,2.57266163181838,"DMD_GH1","2b"
2,25.2025090800777,-2.01328221330104,0.0393478375232572,2.50194913974634,"DMD_GH1","2b"
3,17.971130698562,-1.00424932861919,0.0187728744241714,2.49391273152907,"DMD_GH1","2b"
4,3.39036228414865,3.31463182878119,0.254094204719356,3.39547255940711,"DMD_GH1","2b"
5,5.63395257339831,1.75493524008163,0.54807403859702,2.31108084051943,"DMD_GH1","2b"
6,5.39852190756762,1.40582480134725,0.616924676960095,1.86954884374986,"DMD_GH1","2b"
7,4.29575750984312,1.48763911995722,0.568961112497612,1.69442198281537,"DMD_GH1","2b"
8,2.24050256349107,2.07315105004549,0.395068003255,1.76106430477132,"DMD_GH1","2b"
9,1.32293830595904,2.58555220162961,0.28296378416631,1.95804909617688,"DMD_GH1","2b"
10,0.227754525505366,4.61633148263145,0.237149809614307,2.04541208405718,"DMD_GH1","2b"
12,2.47639639097493,1.84089503642806,0.0316997278039025,2.48154789873677,"DMD_GH1","2b"
13,0.0056468057397052,8.83574921709634,0.471413423036361,1.75873521549975,"DMD_GH1","2b"
14,0.0279330643931472,7.22730144060718,0.388208191280185,1.90190601181071,"DMD_GH1","2b"
1,86.1967292412863,-1.16685945260074,0.0623070561652511,11.150590377875,"PSF_111","2b"
2,102.42297605345,-1.53921841510788,0.0714878409747872,10.8904072261275,"PSF_111","2b"
3,94.4027394736936,-1.3472666092293,0.0930182024635807,10.7350173309557,"PSF_111","2b"
4,110.806078815044,-1.55559400974683,0.0452372911453532,11.3499751837545,"PSF_111","2b"
5,19.8919101474512,2.27846196699083,0.228145585935196,12.2577400533267,"PSF_111","2b"
6,11.4570562686904,2.36302418832374,0.362166537769909,10.4755584803204,"PSF_111","2b"
7,10.729660269048,2.2619840217563,0.410841142093826,9.47028937749578,"PSF_111","2b"
8,0.449022736099596,5.70453114814128,0.331071274167408,9.48814382564827,"PSF_111","2b"
9,0.00752193186782351,10.193179581323,0.333810062793185,9.59518938355114,"PSF_111","2b"
10,0.00667461304382029,10.4141179789001,0.192974872872163,11.2969815124584,"PSF_111","2b"
11,0.00320417901725342,11.2285703741136,0.229527567967325,9.67215838428498,"PSF_111","2b"
12,0.0187062385401069,9.2829870580463,0.141046588961194,10.5958554093907,"PSF_111","2b"
13,0.0228366061513583,9.07932303355564,0.193769137031024,9.88621341079302,"PSF_111","2b"
14,10.5047919110838,2.07028379838373,0.095274061917077,10.7008777327702,"PSF_111","2b"
1,313.043262479624,-5.88048283649735,0.171023904196718,18.4068200767049,"PSF_12","2b"
2,234.750738089243,-4.86290819397457,0.103033739920681,19.0435676770061,"PSF_12","2b"
3,335.823004930652,-5.49614113145682,0.255484354558871,16.021331794318,"PSF_12","2b"
4,142.745786006165,-3.20471211801771,0.0906598340945967,18.6053111678617,"PSF_12","2b"
5,4.90082568907416,5.91879142340976,0.346141691823427,17.971564207633,"PSF_12","2b"
6,6.37420621719063,3.50573768412142,0.577809769899843,13.8850203844579,"PSF_12","2b"
7,8.09705766966513,2.78012729279674,0.687467711466453,11.104194625301,"PSF_12","2b"
8,3.93460980666922,3.18123401687033,0.622322723779848,10.0424755593067,"PSF_12","2b"
9,2.56375786081466,3.56651356426348,0.604878408550606,10.5119039972061,"PSF_12","2b"
10,1.16819987193141,4.43406496860233,0.595861160182253,10.9864683829307,"PSF_12","2b"
11,1.11333727563645,4.48123284528389,0.592468809728939,11.2672444129902,"PSF_12","2b"
12,0.0844088596638953,7.43072818153652,0.570400202952135,11.3183473339192,"PSF_12","2b"
13,0.0453604060384344,8.20734043854684,0.580609751691583,11.5412175109656,"PSF_12","2b"
14,0.00457957006108419,10.9414257897079,0.523174250188132,12.2418473231579,"PSF_12","2b"
1,5.82368927059758,2.18728068830936,0.0155833861755136,1.83835552968006,"SLS_ABH","2b"
2,11.843784443358,-0.435116427679831,0.000957705058560434,1.72412961559179,"SLS_ABH","2b"
3,37.0499962421895,-3.22813446837466,0.244429572875259,1.55641219854702,"SLS_ABH","2b"
4,6.35709633793009,1.32119149044502,0.0245903255991325,1.87374701560391,"SLS_ABH","2b"
5,3.29900414654176,2.64128492700403,0.555867811196368,1.70487174633645,"SLS_ABH","2b"
6,3.91608696036806,1.73601438630123,0.535040869597021,1.49560740678438,"SLS_ABH","2b"
7,2.57606662519745,1.97126538032058,0.649685190315858,1.22886704256836,"SLS_ABH","2b"
8,0.395971096517454,3.92977406370195,0.496600925344929,1.14499650869869,"SLS_ABH","2b"
9,0.2136193391683,4.54942630397299,0.389122340167986,1.29963080899438,"SLS_ABH","2b"
10,0.0313921461850588,6.72633777003314,0.370314372817204,1.31435994122705,"SLS_ABH","2b"
11,0.0780291027901833,5.74451581876102,0.255887566801756,1.46184433220199,"SLS_ABH","2b"
12,0.0190450430251719,7.40208952666908,0.382323176182387,1.31795750201735,"SLS_ABH","2b"
13,0.0132539070720764,7.83475389476747,0.291246519149181,1.4555848302133,"SLS_ABH","2b"
14,0.198851076606384,4.81281284199047,0.139550092094679,1.66175710480765,"SLS_ABH","2b"
1,4.51440063835121,3.70513772294514,0.109250651858601,1.22732779331662,"SLS_NS","2b"
2,12.2778482045796,-0.0740063198738449,0.000343911569285762,1.20604540651598,"SLS_NS","2b"
3,14.4385617300398,-0.497531105034986,0.051342645882733,1.17396955847503,"SLS_NS","2b"
4,10.5949438055237,0.321272489509992,0.0164903848164944,1.19150748012956,"SLS_NS","2b"
5,6.31165739637083,1.23565785325786,0.250188612268034,1.14854617422166,"SLS_NS","2b"
6,5.6775258048616,1.17218134409541,0.33265216486916,1.09279901942454,"SLS_NS","2b"
7,2.37106588521506,2.11062059575321,0.418066508896081,1.11568186542393,"SLS_NS","2b"
8,0.442859134931933,3.88947384345497,0.272101629389827,1.04694052922336,"SLS_NS","2b"
9,0.540426605088671,3.58945727588124,0.162449338527738,1.10585514228446,"SLS_NS","2b"
10,0.860633520987503,3.02724016322399,0.0664534513971845,1.13943765242679,"SLS_NS","2b"
11,0.617626857878461,3.43651305248295,0.0387300307752652,1.15274618496277,"SLS_NS","2b"
12,0.0398820206782442,6.59530822214531,0.242614568482232,1.03365839143898,"SLS_NS","2b"
13,0.176377464378709,4.90726760631367,0.229842511928014,1.10018785939772,"SLS_NS","2b"
14,1.03981603695963,3.00659733480084,0.226332454314826,1.18206151531987,"SLS_NS","2b"
1,114.106759465089,-1.82438694366007,0.176925658612154,9.1920065751906,"SSF_121","2b"
2,112.248990218695,-1.68034618351743,0.171946966701569,9.44305122220338,"SSF_121","2b"
3,111.466332613352,-1.28440774838521,0.335789828160153,8.34849214223507,"SSF_121","2b"
4,125.37042014694,-1.66715167852097,0.185318398577249,9.44334784039589,"SSF_121","2b"
5,37.056465979187,0.982025697583367,0.145767308624009,9.80864536579642,"SSF_121","2b"
6,16.0877175821887,1.92565217801946,0.492021959985055,7.38275760613143,"SSF_121","2b"
7,8.51652443752308,2.5299727219443,0.495147811106612,7.26291445462095,"SSF_121","2b"
8,1.88511634527205,4.07467716934396,0.313051932667444,8.04059885082119,"SSF_121","2b"
9,0.141055341094018,6.94535694697047,0.426667752341448,7.92519322943441,"SSF_121","2b"
10,0.590028219762225,5.30190382248437,0.28551761731205,8.94518427390999,"SSF_121","2b"
11,0.140958072641221,6.93069842671128,0.278313359104749,9.12558763131462,"SSF_121","2b"
12,0.0858572863001628,7.50395276175698,0.344714633907966,8.56610314113317,"SSF_121","2b"
13,0.103620859844877,7.32501262209884,0.356358242741417,8.18973790291578,"SSF_121","2b"
14,5.59535059815069,2.81214845451389,0.134104512373946,9.87165062346062,"SSF_121","2b"
1,70.8060656790475,-0.598789006875854,0.07953290084103,8.2121306275195,"SSF_202","2b"
2,70.0329537617843,-0.576345215613339,0.0808993106343634,8.23554727114632,"SSF_202","2b"
4,81.2598129511219,-0.780705662359438,0.0810330375000797,8.52109724870082,"SSF_202","2b"
5,53.7924159447693,0.114578859132234,0.00146746043937068,8.65715251341521,"SSF_202","2b"
6,26.7839384345521,1.06563093602835,0.0792498173581868,8.63928459265119,"SSF_202","2b"
7,16.3829928394194,1.5463506530697,0.128367259493709,8.02455799892716,"SSF_202","2b"
8,16.1680893480938,1.46328831164028,0.0469077593847688,8.42871146836984,"SSF_202","2b"
9,4.50122649974783,2.91003547796598,0.157968220226329,7.96212177542648,"SSF_202","2b"
10,6.706323731142,2.51467092813169,0.0479872897009471,8.55879964828433,"SSF_202","2b"
11,36.0796335041761,0.546666218330658,0.0046548925896623,8.61841339055745,"SSF_202","2b"
12,0.896822668937853,4.86769270018813,0.16729102639946,8.01682690456023,"SSF_202","2b"
13,3.57157347897238,3.26435894109518,0.0937377616114169,8.39849193852545,"SSF_202","2b"
14,22.6108726605479,1.13175616337338,0.0238646971872726,8.49901390772904,"SSF_202","2b"
1,114.539586619668,-1.77535216971507,0.104769712006038,9.37369999212348,"SSF_66","2b"
2,97.680629248437,-0.855848437102087,0.0891573661098779,9.71031244368977,"SSF_66","2b"
3,130.228389317649,-1.77207282021526,0.0866749595152363,9.5452865844453,"SSF_66","2b"
4,39.9625875103412,0.799289065229214,0.0496530012973866,9.7602268901407,"SSF_66","2b"
5,21.2662710445235,1.37798056614328,0.178202317832249,9.03378063053108,"SSF_66","2b"
6,17.9035070619024,1.55962385939861,0.153908993385755,9.0857603105888,"SSF_66","2b"
7,12.2293628460511,1.89296756816871,0.127477937290951,9.17555337337166,"SSF_66","2b"
8,7.35701052642341,2.43416636722924,0.142315477572803,8.99319862824396,"SSF_66","2b"
9,8.9869368270727,2.20635914757137,0.127297627380736,9.07006060515105,"SSF_66","2b"
10,11.5747117470475,1.96084342405252,0.113283307519856,9.21731298007608,"SSF_66","2b"
11,3.36991916977745,3.34431848056389,0.140875147786847,9.13229685106771,"SSF_66","2b"
12,2.87170036266711,3.51325858862184,0.15332699241875,9.16952790997072,"SSF_66","2b"
13,13.9795219871479,1.76512368669897,0.113335036658292,9.10788070066553,"SSF_66","2b"
